<log4net>
	<appender name="RollingLogFileAppender" type="log4net.Appender.RollingFileAppender">
		<file value="EpsonPICAgent_Log.txt" />
		<appendToFile value="true" />
		<rollingStyle value="Size" />
		<maxSizeRollBackups value="5" />
		<maximumFileSize value="20MB" />
		<staticLogFileName value="true" />
		<layout type="log4net.Layout.PatternLayout">
			<conversionPattern value="%-5p %d - %m%n" />
		</layout>
	</appender>
	
	<root>
		<level value="DEBUG" />
		<appender-ref ref="RollingLogFileAppender" />
	</root>
</log4net>
